1;2014/12/29 15:24;113.018318;19.018783;2;23.614;2;28.769;5
2;2014/12/29 15:24;113.081359;19.054061;3;24.425;9;28.106;3
3;2014/12/29 15:24;113.088247;19.088118;5;27.172;7;29.779;0
4;2014/12/29 15:24;113.069754;19.023336;5;24.626;7;28.614;6
5;2014/12/29 15:24;113.047308;19.079282;3;25.703;5;28.136;5
6;2014/12/29 15:24;113.042138;19.032498;2;24.548;6;27.549;2
7;2014/12/29 15:24;113.089862;19.054308;3;27.213;1;28.058;3
8;2014/12/29 15:24;113.052363;19.071299;1;25.423;5;29.824;6
9;2014/12/29 15:24;113.084121;19.070302;3;23.147;7;29.272;7
10;2014/12/29 15:24;113.061386;19.024867;6;23.027;6;27.051;8
11;2014/12/29 15:24;113.010515;19.033649;3;27.625;8;27.319;8
12;2014/12/29 15:24;113.084516;19.038812;3;24.034;3;29.931;2
13;2014/12/29 15:24;113.006284;19.071777;2;24.112;7;27.984;7
14;2014/12/29 15:24;113.0865;19.048948;3;23.154;10;27.986;3
15;2014/12/29 15:24;113.050706;19.005215;4;27.255;6;27.356;4
16;2014/12/29 15:24;113.00462;19.011192;5;26.9;5;28.141;5
17;2014/12/29 15:24;113.032347;19.096715;3;25.404;8;29.814;1
18;2014/12/29 15:24;113.076705;19.028869;4;26.644;7;29.598;7
19;2014/12/29 15:24;113.026533;19.054296;1;23.594;6;27.539;7
20;2014/12/29 15:24;113.065467;19.080438;1;24.109;5;28.922;2
21;2014/12/29 15:24;113.081101;19.007396;2;24.344;4;29.099;3
22;2014/12/29 15:24;113.076887;19.098615;5;24.828;10;27.533;2
23;2014/12/29 15:24;113.092538;19.064133;2;25.18;8;28.401;4
24;2014/12/29 15:24;113.062885;19.052775;1;23.068;3;29.943;1
25;2014/12/29 15:24;113.012313;19.049789;5;23.061;3;28.749;10
26;2014/12/29 15:24;113.094943;19.080076;4;25.357;6;29.515;3
27;2014/12/29 15:24;113.013461;19.001554;3;23.998;5;27.171;0
28;2014/12/29 15:24;113.006588;19.077355;6;25.46;0;28.854;5
29;2014/12/29 15:24;113.050839;19.059812;5;25.416;2;29.579;5
30;2014/12/29 15:24;113.038333;19.026465;4;23.448;0;28.765;3
31;2014/12/29 15:24;113.063002;19.012451;2;26.363;4;27.311;1
32;2014/12/29 15:24;113.032635;19.002233;4;25.615;1;29.429;5
33;2014/12/29 15:24;113.083417;19.085472;5;27.415;4;28.114;8
34;2014/12/29 15:24;113.040177;19.083602;3;23.096;7;28.368;10
35;2014/12/29 15:24;113.075744;19.095704;2;24.326;9;29.525;8
36;2014/12/29 15:24;113.018282;19.012007;1;26.296;5;28.773;2
37;2014/12/29 15:24;113.014493;19.076214;2;24;6;29.717;1
38;2014/12/29 15:24;113.013332;19.002342;5;26.073;5;28.115;1
39;2014/12/29 15:24;113.096299;19.030648;5;24.59;6;27.171;10
40;2014/12/29 15:24;113.068385;19.096023;4;25.591;7;27.451;3
41;2014/12/29 15:24;113.072636;19.01369;6;26.178;9;28.324;3
42;2014/12/29 15:24;113.072161;19.07899;4;26.147;0;29.712;6
43;2014/12/29 15:24;113.074753;19.077118;2;26.229;4;29.004;7
44;2014/12/29 15:24;113.063088;19.012765;2;23.834;8;28.615;9
45;2014/12/29 15:24;113.044179;19.010807;3;27.239;4;28.023;6
46;2014/12/29 15:24;113.071617;19.004871;4;25.358;10;29.779;4
47;2014/12/29 15:24;113.098474;19.052285;3;24.716;2;29.44;2
48;2014/12/29 15:24;113.035425;19.075014;5;26.123;4;28.564;8
49;2014/12/29 15:24;113.005691;19.03087;5;24.88;9;29.052;10
50;2014/12/29 15:24;113.092977;19.073051;3;24.556;9;29.919;4
51;2014/12/29 15:24;113.06951;19.049774;3;26.713;7;28.898;6
52;2014/12/29 15:24;113.020784;19.058069;5;27.196;6;29.497;7
53;2014/12/29 15:24;113.082141;19.018059;4;26.499;4;27.147;2
54;2014/12/29 15:24;113.096262;19.035073;1;25.969;3;29.193;6
55;2014/12/29 15:24;113.091187;19.03276;3;25.934;2;27.758;4
56;2014/12/29 15:24;113.073323;19.074035;4;25.889;9;28.769;2
57;2014/12/29 15:24;113.083678;19.072236;2;27.669;3;27.896;7
58;2014/12/29 15:24;113.027458;19.02846;5;26.619;1;29.24;9
59;2014/12/29 15:24;113.04257;19.01439;1;23.925;7;29.402;10
60;2014/12/29 15:24;113.033887;19.061565;2;24.744;4;29.377;3
61;2014/12/29 15:25;113.094562;19.028164;5;25.367;9;28.014;5
62;2014/12/29 15:25;113.098602;19.085436;2;27.165;5;28.046;7
63;2014/12/29 15:25;113.010342;19.016753;2;26.147;10;27.377;7
64;2014/12/29 15:25;113.097845;19.049424;2;26.201;8;27.398;3
65;2014/12/29 15:25;113.00611;19.079854;5;24.588;0;29.629;2
66;2014/12/29 15:25;113.098621;19.035017;5;25.936;3;27.58;6
67;2014/12/29 15:25;113.038871;19.087134;5;27.819;1;29.775;3
68;2014/12/29 15:25;113.029476;19.0677;6;23.152;1;27.375;8
69;2014/12/29 15:25;113.03517;19.080063;3;23.087;7;29.095;3
70;2014/12/29 15:25;113.027642;19.030066;3;25.205;6;28.16;9
71;2014/12/29 15:25;113.030723;19.013314;5;27.412;0;27.396;7
72;2014/12/29 15:25;113.096513;19.002452;4;27.177;1;29.953;1
73;2014/12/29 15:25;113.063808;19.073122;5;23.704;10;27.817;5
74;2014/12/29 15:25;113.012459;19.05544;4;26.622;3;29.606;9
75;2014/12/29 15:25;113.034443;19.058739;1;26.091;5;29.691;0
76;2014/12/29 15:25;113.069885;19.082979;3;26.314;4;28.752;2
77;2014/12/29 15:25;113.047261;19.095331;3;23.644;8;28.723;4
78;2014/12/29 15:25;113.047197;19.085503;6;27.033;1;28.8;9
79;2014/12/29 15:25;113.033713;19.086139;2;27.081;7;28.679;2
80;2014/12/29 15:25;113.025542;19.060105;3;25.901;3;29.366;2
81;2014/12/29 15:25;113.096122;19.025686;3;27.84;8;27.187;7
82;2014/12/29 15:25;113.001898;19.053916;4;25.848;0;27.848;0
83;2014/12/29 15:25;113.073647;19.075029;6;24.803;0;28.605;2
84;2014/12/29 15:25;113.002176;19.027453;3;23.422;7;29.982;6
85;2014/12/29 15:25;113.041106;19.012263;3;25.585;4;28.904;4
86;2014/12/29 15:25;113.062401;19.083488;3;25.86;5;27.861;9
87;2014/12/29 15:25;113.015425;19.058602;5;24.084;5;29.33;7
88;2014/12/29 15:25;113.044754;19.036611;4;25.379;7;27.656;3
89;2014/12/29 15:25;113.015694;19.057162;2;24.34;6;29.926;8
90;2014/12/29 15:25;113.021189;19.070212;3;25.214;6;28.922;6
91;2014/12/29 15:25;113.087691;19.044935;4;25.65;1;29.217;3
92;2014/12/29 15:25;113.0485;19.05798;5;26.707;1;29.574;6
93;2014/12/29 15:25;113.043474;19.003583;5;25.886;10;27.315;5
94;2014/12/29 15:25;113.082184;19.044322;3;24.272;1;29.025;5
95;2014/12/29 15:25;113.020649;19.004098;5;27.116;9;28.765;2
96;2014/12/29 15:25;113.081077;19.058381;1;25.299;7;28.534;4
97;2014/12/29 15:25;113.083459;19.065901;5;23.766;2;29.501;10
98;2014/12/29 15:25;113.012093;19.063333;4;24.042;3;28.364;7
99;2014/12/29 15:25;113.005915;19.002723;6;25.377;9;28.232;1
100;2014/12/29 15:25;113.018546;19.033087;5;26.024;4;28.644;8
101;2014/12/29 15:25;113.038211;19.028664;5;23.064;6;27.75;6
102;2014/12/29 15:25;113.005541;19.097347;2;27.954;1;29.906;6
103;2014/12/29 15:25;113.012183;19.001831;1;24.364;0;27.866;6
104;2014/12/29 15:25;113.003066;19.036409;3;27.003;10;28.84;2
105;2014/12/29 15:25;113.088965;19.077005;3;27.489;5;28.176;2
106;2014/12/29 15:25;113.099633;19.018872;3;24.682;6;29.387;5
107;2014/12/29 15:25;113.070544;19.004777;5;24.773;4;29.349;9
108;2014/12/29 15:25;113.011227;19.000205;2;25.732;1;29.028;2
109;2014/12/29 15:25;113.041755;19.099212;1;25.404;6;27.674;1
110;2014/12/29 15:25;113.064636;19.094678;5;25.032;6;29.099;9
111;2014/12/29 15:25;113.069205;19.07432;3;26.023;1;27.947;5
112;2014/12/29 15:25;113.005128;19.096758;4;26.242;8;28.914;1
113;2014/12/29 15:25;113.056633;19.030945;4;25.859;1;29.99;2
114;2014/12/29 15:25;113.070007;19.059792;5;25.569;1;29.514;5
115;2014/12/29 15:25;113.066291;19.041411;2;24.559;6;27.76;7
116;2014/12/29 15:25;113.08425;19.003303;3;27.712;8;27.773;1
117;2014/12/29 15:25;113.020052;19.028179;2;26.981;3;29.386;9
118;2014/12/29 15:25;113.034449;19.054651;3;25.19;3;27.877;1
119;2014/12/29 15:25;113.05227;19.076107;2;25.614;4;27.06;8
120;2014/12/29 15:25;113.013355;19.080962;2;23.304;6;27.019;2
121;2014/12/29 15:25;113.080723;19.043347;3;25.742;1;27.192;2
122;2014/12/29 15:25;113.098652;19.01169;6;27.971;9;27.433;4
123;2014/12/29 15:25;113.073826;19.073357;2;23.577;3;29.088;3
124;2014/12/29 15:25;113.036105;19.083976;1;24.562;8;28.072;4
125;2014/12/29 15:25;113.040327;19.032882;6;23.595;0;29.102;9
126;2014/12/29 15:25;113.006637;19.012392;2;23.671;7;27.757;1
127;2014/12/29 15:25;113.060454;19.040068;5;23.378;2;28.638;0
128;2014/12/29 15:25;113.029843;19.061501;5;26.328;3;27.694;8
129;2014/12/29 15:25;113.016007;19.077803;4;23.931;8;27.993;4
130;2014/12/29 15:25;113.047457;19.019644;6;25.109;5;29.183;5
131;2014/12/29 15:25;113.063985;19.070343;3;26.438;2;29.058;8
132;2014/12/29 15:25;113.063166;19.06307;3;25.085;8;27.462;4
133;2014/12/29 15:25;113.074516;19.026588;1;27.06;10;29.892;2
134;2014/12/29 15:25;113.066285;19.034137;2;23.923;4;27.631;4
135;2014/12/29 15:25;113.002981;19.079751;5;23.031;1;28.268;2
136;2014/12/29 15:25;113.042533;19.019433;4;25.83;0;28.02;8
137;2014/12/29 15:25;113.025304;19.021534;2;24.887;9;29.49;7
138;2014/12/29 15:25;113.003083;19.08353;4;25.162;5;28.266;6
139;2014/12/29 15:25;113.065149;19.03442;5;27.303;1;28.78;7
140;2014/12/29 15:25;113.056515;19.088162;6;25.749;7;28.775;4
141;2014/12/29 15:25;113.041196;19.07544;2;23.965;10;28.964;10
142;2014/12/29 15:25;113.072524;19.060977;3;26.613;8;27.857;10
143;2014/12/29 15:25;113.017306;19.077292;3;27.049;9;28.166;4
144;2014/12/29 15:25;113.050647;19.088692;5;24.708;2;28.904;10
145;2014/12/29 15:25;113.029468;19.041411;3;26.978;5;28.919;7
146;2014/12/29 15:25;113.011144;19.015277;2;26.339;8;27.341;6
147;2014/12/29 15:25;113.087259;19.084492;4;23.853;4;28.642;6
148;2014/12/29 15:25;113.031007;19.081051;6;26.297;0;27.102;1
149;2014/12/29 15:25;113.020989;19.054096;5;26.105;1;29.847;10
150;2014/12/29 15:25;113.067148;19.024807;4;25.113;9;27.613;5
151;2014/12/29 15:25;113.053154;19.064335;3;25.653;8;28.416;3
152;2014/12/29 15:25;113.042927;19.070642;3;25.436;2;29.627;7
153;2014/12/29 15:25;113.097697;19.081168;3;27.756;3;28.061;3
154;2014/12/29 15:25;113.021047;19.017745;5;26.15;5;27.619;9
155;2014/12/29 15:25;113.052866;19.051789;3;26.927;1;28.311;4
156;2014/12/29 15:25;113.064843;19.052021;4;26.906;8;28.546;7
157;2014/12/29 15:25;113.065674;19.020208;1;23.546;10;29.974;4
158;2014/12/29 15:25;113.024824;19.097946;3;24.087;5;29.922;10
159;2014/12/29 15:25;113.057037;19.087942;6;25.508;2;27.511;4
160;2014/12/29 15:25;113.096008;19.076812;2;23.391;8;28.483;5
161;2014/12/29 15:25;113.073762;19.087663;4;25.387;3;27.168;8
162;2014/12/29 15:25;113.063946;19.038573;3;27.235;4;29.202;8
163;2014/12/29 15:25;113.09356;19.0491;6;23.453;8;28.236;7
164;2014/12/29 15:25;113.084604;19.067384;5;23.284;0;28.145;6
165;2014/12/29 15:25;113.093409;19.074363;5;25.991;5;29.286;4
166;2014/12/29 15:25;113.00908;19.008651;3;27.788;6;29.855;8
167;2014/12/29 15:25;113.018201;19.093355;2;27.099;8;28.45;1
168;2014/12/29 15:25;113.086515;19.082944;2;25.293;10;27.204;6
169;2014/12/29 15:25;113.015529;19.008618;3;27.591;0;27.277;9
170;2014/12/29 15:25;113.079535;19.01116;2;23.486;6;27.234;10
171;2014/12/29 15:25;113.037283;19.078515;1;26.611;1;28.524;1
172;2014/12/29 15:25;113.069817;19.01449;5;25.089;1;29.702;6
173;2014/12/29 15:25;113.038439;19.016049;3;27.881;8;27.732;0
174;2014/12/29 15:25;113.05226;19.059574;1;25.63;8;29.765;4
175;2014/12/29 15:25;113.058058;19.049313;2;27.166;9;29.594;7
176;2014/12/29 15:25;113.022001;19.047095;4;24.728;0;28.36;1
177;2014/12/29 15:25;113.097564;19.092004;6;26.718;2;29.425;3
178;2014/12/29 15:25;113.009335;19.029979;6;25.627;3;27.739;5
179;2014/12/29 15:25;113.058043;19.050711;3;23.662;4;27.482;10
180;2014/12/29 15:25;113.092678;19.051821;1;24.493;8;28.05;3
181;2014/12/29 15:25;113.008859;19.07668;2;24.628;7;29.66;9
182;2014/12/29 15:25;113.064728;19.081082;5;27.947;6;29.701;7
183;2014/12/29 15:25;113.075075;19.0682;4;24.527;9;28.877;6
184;2014/12/29 15:25;113.07283;19.02249;1;27.415;0;29.512;3
185;2014/12/29 15:25;113.069389;19.085925;3;26.865;6;27.639;6
186;2014/12/29 15:25;113.018622;19.082431;3;25.444;9;27.94;4
187;2014/12/29 15:25;113.08117;19.059471;5;27.663;4;27.675;10
188;2014/12/29 15:25;113.062993;19.051407;6;24.938;5;29.266;3
189;2014/12/29 15:25;113.032893;19.09897;3;25.498;5;27.306;5
190;2014/12/29 15:25;113.013401;19.099483;3;24.311;8;28.914;2
191;2014/12/29 15:25;113.076512;19.085009;6;27.112;9;27.723;1
192;2014/12/29 15:25;113.08477;19.074374;3;24.973;4;27.371;6
193;2014/12/29 15:25;113.033356;19.097264;5;27.442;3;28.105;4
194;2014/12/29 15:25;113.09344;19.014666;5;26.867;7;27.197;8
195;2014/12/29 15:25;113.003101;19.032055;4;26.877;5;29.091;6
196;2014/12/29 15:25;113.008104;19.00409;3;25.133;1;28.618;8
197;2014/12/29 15:25;113.035636;19.087771;5;27.005;7;27.659;1
198;2014/12/29 15:25;113.049693;19.010377;5;27.731;2;28.118;2
199;2014/12/29 15:25;113.079584;19.098785;1;25.992;8;28.901;5
200;2014/12/29 15:25;113.067226;19.034825;2;24.55;2;28.367;8
201;2014/12/29 15:25;113.093624;19.055747;5;23.475;2;29.078;9
202;2014/12/29 15:25;113.007679;19.022117;3;25.656;10;28.13;1
203;2014/12/29 15:25;113.097428;19.048013;4;27.411;9;28.211;8
204;2014/12/29 15:25;113.025926;19.072101;3;24.048;9;28.729;2
205;2014/12/29 15:25;113.089089;19.03585;3;23.787;9;27.022;4
206;2014/12/29 15:25;113.027149;19.002765;2;27.968;8;27.375;2
207;2014/12/29 15:25;113.060648;19.026183;5;23.061;2;27.246;4
208;2014/12/29 15:25;113.060227;19.021808;5;23.132;1;29.481;3
209;2014/12/29 15:25;113.08406;19.066212;6;26.04;3;27.843;8
210;2014/12/29 15:25;113.056726;19.078005;5;23.185;7;29.615;5
211;2014/12/29 15:25;113.073553;19.02172;5;27.383;1;29.367;8
212;2014/12/29 15:25;113.067739;19.02066;3;25.089;4;28.269;2
213;2014/12/29 15:25;113.048878;19.08628;1;24.489;5;28.191;2
214;2014/12/29 15:25;113.010505;19.019539;3;26.971;3;27.643;4
215;2014/12/29 15:25;113.035927;19.03947;2;25.489;4;29.923;4
216;2014/12/29 15:25;113.002063;19.007928;4;23.144;1;27.344;5
217;2014/12/29 15:25;113.039353;19.094617;4;24.728;4;28.197;0
218;2014/12/29 15:25;113.095224;19.075314;6;27.542;0;28.816;4
219;2014/12/29 15:25;113.023483;19.018992;6;24.595;10;28.902;9
220;2014/12/29 15:25;113.073072;19.065342;2;24.342;1;27.583;4
221;2014/12/29 15:25;113.003341;19.072446;2;25.597;9;29.713;8
222;2014/12/29 15:25;113.08333;19.004439;2;27.002;6;29.707;2
223;2014/12/29 15:25;113.025749;19.040255;6;24.434;3;27.152;8
224;2014/12/29 15:25;113.021979;19.030573;1;26.72;7;28.471;2
225;2014/12/29 15:25;113.048458;19.002004;4;24.392;10;28.801;4
226;2014/12/29 15:25;113.084151;19.05523;6;23.939;7;29.341;5
227;2014/12/29 15:25;113.043648;19.065987;2;23.275;9;27.963;4
228;2014/12/29 15:25;113.051437;19.035149;4;27.129;7;27.54;1
229;2014/12/29 15:25;113.089224;19.021891;2;27.411;2;29.332;4
230;2014/12/29 15:25;113.021852;19.06522;6;27.018;5;29.797;7
231;2014/12/29 15:25;113.015269;19.075684;6;26.777;9;27.547;5
232;2014/12/29 15:25;113.037789;19.06092;5;26.637;8;28.928;6
233;2014/12/29 15:25;113.02334;19.078698;5;24.67;2;27.086;8
234;2014/12/29 15:25;113.061872;19.096731;3;27.916;8;29.758;2
235;2014/12/29 15:25;113.089765;19.059976;2;23.222;8;29.199;5
236;2014/12/29 15:25;113.072745;19.001454;6;26.292;8;29.622;3
237;2014/12/29 15:25;113.078651;19.051033;1;25.062;9;27.343;4
238;2014/12/29 15:25;113.079429;19.018464;3;27.537;9;27.609;6
239;2014/12/29 15:25;113.000786;19.073261;5;24.988;7;29.117;9
240;2014/12/29 15:25;113.057801;19.0322;2;23.853;0;28.327;3
241;2014/12/29 15:25;113.080321;19.076255;5;23.77;8;28.085;6
242;2014/12/29 15:25;113.096908;19.088782;2;26.831;5;28.133;2
243;2014/12/29 15:25;113.059856;19.017822;5;27.143;8;29.152;5
244;2014/12/29 15:25;113.099839;19.090423;4;27.682;5;29.539;6
245;2014/12/29 15:25;113.014968;19.065865;3;25.845;7;28.75;1
246;2014/12/29 15:25;113.056602;19.07177;5;23.591;7;28.783;9
247;2014/12/29 15:25;113.008075;19.019891;5;27.459;10;29.457;5
248;2014/12/29 15:25;113.098662;19.018837;3;26.256;1;29.294;5
249;2014/12/29 15:25;113.050307;19.011235;3;23.479;4;27.119;3
250;2014/12/29 15:25;113.022818;19.078713;4;25.605;6;29.976;8
251;2014/12/29 15:25;113.015468;19.074232;5;25.628;6;28.732;8
252;2014/12/29 15:25;113.001809;19.0244;3;25.881;9;28.854;4
253;2014/12/29 15:25;113.03439;19.076006;1;26.24;1;29.737;6
254;2014/12/29 15:25;113.034373;19.072559;4;23.535;8;28.11;7
255;2014/12/29 15:25;113.025021;19.042448;4;26.167;4;27.758;4
256;2014/12/29 15:25;113.031224;19.047627;2;25.636;9;29.5;8
257;2014/12/29 15:25;113.038073;19.047674;5;27.71;7;27.922;6
258;2014/12/29 15:25;113.091968;19.019145;3;25.307;4;27.59;3
259;2014/12/29 15:25;113.026745;19.072999;4;23.463;4;28.099;1
260;2014/12/29 15:25;113.018755;19.032629;4;23.499;4;28.932;8
261;2014/12/29 15:25;113.07941;19.093201;1;27.166;6;27.459;6
262;2014/12/29 15:25;113.042097;19.052032;5;23.379;5;28.592;5
263;2014/12/29 15:25;113.06274;19.026914;5;26.509;4;27.949;8
264;2014/12/29 15:25;113.071521;19.089887;3;26.186;3;29.44;6
265;2014/12/29 15:25;113.096099;19.008539;2;27.612;1;27.506;9
266;2014/12/29 15:25;113.021136;19.045736;5;27.737;8;28.551;6
267;2014/12/29 15:25;113.083766;19.054203;4;27.862;7;29.384;7
268;2014/12/29 15:25;113.041301;19.050612;2;25.06;6;28.667;0
269;2014/12/29 15:25;113.088756;19.019353;4;26.742;7;27.64;3
270;2014/12/29 15:25;113.018389;19.003654;2;26.272;5;28.774;7
271;2014/12/29 15:25;113.068636;19.077538;3;26.24;5;28.254;3
272;2014/12/29 15:25;113.087232;19.06523;6;25.47;7;27.996;0
273;2014/12/29 15:25;113.062447;19.043725;3;23.884;1;28.541;0
274;2014/12/29 15:25;113.020249;19.041118;2;23.263;4;27.043;8
275;2014/12/29 15:25;113.007117;19.074832;2;25.003;4;27.963;6
276;2014/12/29 15:25;113.017342;19.064447;5;27.378;10;27.682;4
277;2014/12/29 15:25;113.089322;19.012008;5;26.925;2;29.862;8
278;2014/12/29 15:25;113.056613;19.043517;5;24.229;7;29.169;1
279;2014/12/29 15:25;113.018368;19.083501;5;26.586;3;29.878;5
280;2014/12/29 15:25;113.08887;19.000165;3;23.744;3;27.666;8
281;2014/12/29 15:25;113.012556;19.04308;3;26.216;1;27.895;3
282;2014/12/29 15:25;113.010401;19.016168;4;24.383;4;29.342;9
283;2014/12/29 15:25;113.085409;19.057313;2;27.666;0;28.893;2
284;2014/12/29 15:25;113.060737;19.080793;2;27.506;5;29.487;2
285;2014/12/29 15:25;113.062035;19.009909;4;23.982;1;27.957;0
286;2014/12/29 15:25;113.060248;19.088514;2;24.835;7;29.351;10
287;2014/12/29 15:25;113.014296;19.082749;2;25.948;1;28.541;5
288;2014/12/29 15:25;113.020243;19.093275;4;24.581;1;27.196;7
289;2014/12/29 15:25;113.023377;19.08769;1;27.791;3;28.645;10
290;2014/12/29 15:25;113.040503;19.054167;5;23.709;4;29.021;9
291;2014/12/29 15:25;113.056383;19.004279;6;27.106;6;29.836;2
292;2014/12/29 15:25;113.084842;19.058466;6;25.327;8;27.438;9
293;2014/12/29 15:25;113.009387;19.069426;3;24.956;7;28.041;6
294;2014/12/29 15:25;113.021863;19.039953;5;25.045;7;29.75;0
295;2014/12/29 15:25;113.050989;19.040666;3;26.793;6;27.97;3
296;2014/12/29 15:25;113.089426;19.035893;1;26.566;7;29.076;7
297;2014/12/29 15:25;113.029431;19.056505;2;25.09;9;28.355;7
298;2014/12/29 15:25;113.079353;19.070466;4;24.777;1;29.952;3
299;2014/12/29 15:25;113.039671;19.091254;4;23.63;7;28.207;3
300;2014/12/29 15:25;113.069106;19.086812;5;24.965;7;27.302;6
301;2014/12/29 15:25;113.012493;19.018511;2;25.352;3;27.409;2
302;2014/12/29 15:25;113.083405;19.052141;1;27.789;0;29.592;3
303;2014/12/29 15:25;113.060488;19.019456;5;24.061;3;27.106;4
304;2014/12/29 15:25;113.050527;19.096494;2;23.902;5;27.214;1
305;2014/12/29 15:25;113.050411;19.071373;1;27.648;1;29.137;3
306;2014/12/29 15:25;113.045399;19.025438;6;23.015;2;28.188;8
307;2014/12/29 15:25;113.048706;19.089049;2;26.901;7;28.169;4
308;2014/12/29 15:25;113.050807;19.028444;4;24.525;7;27.938;4
309;2014/12/29 15:25;113.043336;19.077472;5;26.15;9;27.376;3
310;2014/12/29 15:25;113.053433;19.009326;2;27.295;3;29.003;9
311;2014/12/29 15:25;113.077417;19.098111;5;24.957;9;27.28;10
312;2014/12/29 15:25;113.059586;19.075902;3;27.002;4;28.035;1
313;2014/12/29 15:25;113.07107;19.068368;5;26.767;3;28.326;3
314;2014/12/29 15:25;113.008308;19.003898;4;25.289;6;29.817;9
315;2014/12/29 15:25;113.007302;19.041286;2;23.286;8;29.301;8
316;2014/12/29 15:25;113.074674;19.002871;6;25.005;2;29.232;0
317;2014/12/29 15:25;113.004316;19.048511;3;26.673;8;28.394;10
318;2014/12/29 15:25;113.095592;19.067561;2;24.609;3;29.149;5
319;2014/12/29 15:25;113.033661;19.036937;4;23.188;8;27.354;2
320;2014/12/29 15:25;113.034762;19.000124;4;26.371;6;27.009;4
321;2014/12/29 15:25;113.097242;19.038219;2;26.778;6;29.079;5
322;2014/12/29 15:25;113.003013;19.041915;3;25.622;7;29.582;4
323;2014/12/29 15:25;113.095123;19.037771;3;26.409;8;27.803;2
324;2014/12/29 15:25;113.04957;19.083616;4;27.775;4;27.564;5
325;2014/12/29 15:25;113.046118;19.001629;3;24.387;7;28.003;6
326;2014/12/29 15:25;113.046918;19.017297;5;26.577;6;28.006;6
327;2014/12/29 15:25;113.047296;19.086211;3;25.674;7;28.36;3
328;2014/12/29 15:25;113.026541;19.096624;3;27.966;2;27.034;2
329;2014/12/29 15:25;113.085648;19.022121;4;25.645;6;29.501;9
330;2014/12/29 15:25;113.027836;19.014681;4;23.578;5;29.878;6
331;2014/12/29 15:25;113.047698;19.092042;2;23.756;2;28.899;8
332;2014/12/29 15:25;113.055649;19.003076;3;27.841;3;28.617;5
333;2014/12/29 15:25;113.065986;19.002034;1;23.911;8;27.491;8
334;2014/12/29 15:25;113.008482;19.085903;2;26.781;2;28.408;6
335;2014/12/29 15:25;113.072949;19.071725;3;24.222;4;29.149;3
336;2014/12/29 15:25;113.012438;19.076016;5;24.806;2;27.783;2
337;2014/12/29 15:25;113.032597;19.092955;6;25.877;1;28.706;8
338;2014/12/29 15:25;113.082104;19.02155;4;26.22;6;27.641;9
339;2014/12/29 15:25;113.09228;19.089266;3;27.041;9;29.091;7
340;2014/12/29 15:25;113.043609;19.083055;5;24.453;4;27.685;5
341;2014/12/29 15:25;113.02459;19.051166;2;27.182;6;27.275;8
342;2014/12/29 15:25;113.041194;19.023623;3;27.989;1;27.9;3
343;2014/12/29 15:25;113.011465;19.061557;2;23.736;2;29.516;0
344;2014/12/29 15:25;113.022736;19.024161;4;26.655;4;28.506;8
345;2014/12/29 15:25;113.099039;19.082512;1;27.467;5;28.353;6
346;2014/12/29 15:25;113.094042;19.040858;4;25.572;7;29.851;8
347;2014/12/29 15:25;113.085543;19.072416;3;27.133;0;28.958;4
348;2014/12/29 15:25;113.071232;19.097585;5;26.694;5;28.19;2
349;2014/12/29 15:25;113.036271;19.04648;6;25.909;8;29.635;1
350;2014/12/29 15:25;113.061783;19.033677;3;25.995;0;29.202;2
351;2014/12/29 15:25;113.023281;19.073151;2;25.101;10;28.533;0
352;2014/12/29 15:25;113.056723;19.053735;5;27.616;2;27.914;2
353;2014/12/29 15:25;113.099672;19.069974;3;26.929;5;29.002;5
354;2014/12/29 15:25;113.090532;19.076286;1;27.642;8;29.558;7
355;2014/12/29 15:25;113.052639;19.078962;2;23.492;5;29.171;6
356;2014/12/29 15:25;113.0771;19.008407;2;23.735;5;29.572;2
357;2014/12/29 15:25;113.028252;19.077479;1;23.706;10;27.223;4
358;2014/12/29 15:25;113.096202;19.075424;3;26.787;3;28.328;4
359;2014/12/29 15:25;113.042674;19.087286;4;26.024;5;29.835;5
360;2014/12/29 15:25;113.074042;19.002344;6;27.032;1;29.683;2
361;2014/12/29 15:25;113.059257;19.05058;1;26.705;1;28.468;7
362;2014/12/29 15:25;113.025915;19.077259;1;23.795;2;29.474;6
363;2014/12/29 15:25;113.031519;19.076515;5;24.74;3;28.44;4
364;2014/12/29 15:25;113.008495;19.03914;5;24.416;8;29.929;6
365;2014/12/29 15:25;113.028507;19.026644;3;27.476;7;28.278;10
366;2014/12/29 15:25;113.07381;19.014645;6;23.56;8;29.37;9
367;2014/12/29 15:25;113.03201;19.066689;5;27.501;2;27.406;6
368;2014/12/29 15:25;113.02142;19.045161;5;27.509;3;28.458;1
369;2014/12/29 15:25;113.079975;19.073277;4;26.848;3;27.344;0
370;2014/12/29 15:25;113.042006;19.035518;5;24.664;5;27.648;5
371;2014/12/29 15:25;113.027613;19.085251;3;25.912;8;27.067;9
372;2014/12/29 15:25;113.009503;19.067278;3;27.213;8;29.621;8
373;2014/12/29 15:25;113.066987;19.017789;6;26.646;2;28.491;1
374;2014/12/29 15:25;113.009262;19.038506;6;24.544;4;27.967;8
375;2014/12/29 15:25;113.093662;19.078982;3;24.018;10;27.805;6
376;2014/12/29 15:25;113.068636;19.074435;5;26.476;10;29.26;6
377;2014/12/29 15:25;113.060149;19.040433;5;23.006;2;28.128;4
378;2014/12/29 15:25;113.022989;19.02802;2;27.511;4;28.661;9
379;2014/12/29 15:25;113.015174;19.013361;2;25.517;0;28.575;4
380;2014/12/29 15:25;113.041784;19.021279;2;26.107;9;28.746;8
381;2014/12/29 15:25;113.047882;19.023175;5;26.224;10;27.83;3
382;2014/12/29 15:25;113.081244;19.098279;1;23.871;1;29.07;7
383;2014/12/29 15:25;113.098783;19.037213;5;26.236;5;28.226;5
384;2014/12/29 15:25;113.060306;19.015302;4;23.227;1;28.372;3
385;2014/12/29 15:25;113.017044;19.057901;2;24.211;4;27.145;6
386;2014/12/29 15:25;113.020731;19.00835;3;23.353;7;28.737;1
387;2014/12/29 15:25;113.005583;19.011147;5;26.945;3;29.121;7
388;2014/12/29 15:25;113.023832;19.047075;1;27.301;9;27.251;10
389;2014/12/29 15:25;113.061787;19.089048;3;23.739;3;29.89;10
390;2014/12/29 15:25;113.043471;19.063458;5;27.304;9;27.719;7
391;2014/12/29 15:25;113.026371;19.088469;5;24.719;3;27.87;9
392;2014/12/29 15:25;113.00486;19.040345;6;25.07;9;29.36;0
393;2014/12/29 15:25;113.026557;19.062012;4;24.439;7;28.111;2
394;2014/12/29 15:25;113.090634;19.062745;6;25.993;9;28.245;5
395;2014/12/29 15:25;113.005793;19.056733;1;26.076;9;28.496;8
396;2014/12/29 15:25;113.055321;19.011011;2;23.026;8;28.002;10
397;2014/12/29 15:25;113.096396;19.073043;1;26.944;0;28.66;0
398;2014/12/29 15:25;113.006595;19.048599;5;27.691;9;28.036;8
399;2014/12/29 15:25;113.030771;19.06214;4;24.849;2;27.92;8
400;2014/12/29 15:25;113.058091;19.055662;4;25.761;8;28.529;3
401;2014/12/29 15:25;113.023779;19.089544;3;24.127;9;29.261;7
402;2014/12/29 15:25;113.005187;19.015642;6;24.551;7;28.056;9
403;2014/12/29 15:25;113.013754;19.095573;2;24.796;2;29.612;8
404;2014/12/29 15:25;113.092573;19.081439;2;23.997;7;29.911;1
405;2014/12/29 15:25;113.023136;19.075592;2;27.273;5;29.107;2
406;2014/12/29 15:25;113.077142;19.032753;6;27.182;5;27.057;1
407;2014/12/29 15:25;113.017973;19.053277;6;26.861;7;28.234;1
408;2014/12/29 15:25;113.013861;19.035633;4;25.08;4;29.493;2
409;2014/12/29 15:25;113.054316;19.061369;3;26.59;5;27.946;4
410;2014/12/29 15:25;113.025358;19.036474;3;25.148;5;29.344;8
411;2014/12/29 15:25;113.011644;19.059574;5;25.952;1;29.938;9
412;2014/12/29 15:25;113.05188;19.078197;4;25.185;5;27.21;6
413;2014/12/29 15:25;113.060112;19.053596;1;25.525;2;27.54;3
414;2014/12/29 15:25;113.002258;19.032308;4;23.744;9;29.446;5
415;2014/12/29 15:25;113.099028;19.023275;5;25.751;1;28.511;2
416;2014/12/29 15:25;113.033278;19.083626;5;25.682;9;28.075;9
417;2014/12/29 15:25;113.023981;19.045766;6;27.658;4;29.187;5
418;2014/12/29 15:25;113.026143;19.079816;5;26.629;5;28.498;5
419;2014/12/29 15:25;113.071339;19.075435;4;27.289;7;29.795;1
420;2014/12/29 15:25;113.019877;19.059189;2;24.547;5;29.132;6
421;2014/12/29 15:25;113.055796;19.050193;4;24.501;9;29.447;9
422;2014/12/29 15:25;113.015664;19.05684;3;25.926;4;29.229;6
423;2014/12/29 15:25;113.078501;19.056828;4;25.354;2;28.886;5
424;2014/12/29 15:25;113.082965;19.084912;6;25.089;7;29.472;10
425;2014/12/29 15:25;113.002496;19.091773;4;27.618;9;28.392;10
426;2014/12/29 15:25;113.053943;19.04605;1;23.711;3;29.568;4
427;2014/12/29 15:25;113.071685;19.049675;1;25.127;7;29.93;2
428;2014/12/29 15:25;113.000037;19.05925;2;23.195;1;27.986;5
429;2014/12/29 15:25;113.081561;19.077539;5;25.283;3;27.76;4
430;2014/12/29 15:25;113.079272;19.050994;2;26.338;7;27.303;8
431;2014/12/29 15:25;113.048548;19.006745;3;23.176;5;29.825;8
432;2014/12/29 15:25;113.013729;19.058381;4;27.205;4;28.367;6
433;2014/12/29 15:25;113.020443;19.015086;3;25.008;9;27.276;7
434;2014/12/29 15:25;113.083156;19.028103;4;23.526;4;28.941;0
435;2014/12/29 15:25;113.041724;19.014777;2;23.782;8;28.17;4
436;2014/12/29 15:25;113.060164;19.073008;4;23.397;1;29.983;10
437;2014/12/29 15:25;113.063399;19.013984;3;25.307;6;27.299;6
438;2014/12/29 15:25;113.0882;19.040372;4;25.443;2;29.091;10
439;2014/12/29 15:25;113.056125;19.039858;2;25.948;6;29.13;3
440;2014/12/29 15:25;113.006396;19.019022;1;27.995;5;28.546;7
441;2014/12/29 15:25;113.029234;19.087641;3;27.296;5;28.89;7
442;2014/12/29 15:25;113.055823;19.090208;1;24.308;4;27.033;7
443;2014/12/29 15:25;113.01782;19.044162;4;27.41;2;29.781;8
444;2014/12/29 15:25;113.036993;19.003934;4;24.52;1;27.646;7
445;2014/12/29 15:25;113.054212;19.014922;3;26.062;2;29.689;1
446;2014/12/29 15:25;113.050772;19.033467;6;25.235;10;28.716;2
447;2014/12/29 15:25;113.057159;19.062804;4;26.842;6;29.61;1
448;2014/12/29 15:25;113.021704;19.05204;2;25.517;3;27.299;10
449;2014/12/29 15:25;113.074872;19.073994;3;25.328;8;29.861;9
450;2014/12/29 15:25;113.045798;19.069118;2;23.866;5;29.443;0
451;2014/12/29 15:25;113.033711;19.045935;2;25.027;5;28.663;4
452;2014/12/29 15:25;113.052106;19.053218;5;25.726;8;28.239;0
453;2014/12/29 15:25;113.071277;19.019255;5;23.364;7;27.811;6
454;2014/12/29 15:25;113.054526;19.038902;6;25.567;5;27.81;3
455;2014/12/29 15:25;113.07904;19.041582;3;24.534;6;27.489;4
456;2014/12/29 15:25;113.036573;19.075386;4;25.575;6;29.459;5
457;2014/12/29 15:25;113.01533;19.063257;6;25.056;7;27.982;3
458;2014/12/29 15:25;113.078512;19.017253;4;24.704;1;27.312;2
459;2014/12/29 15:25;113.032273;19.030986;3;26.812;0;29.199;2
460;2014/12/29 15:25;113.090137;19.0726;4;27.977;8;29.854;10
461;2014/12/29 15:25;113.050938;19.088237;4;27.155;2;28.392;3
462;2014/12/29 15:25;113.076957;19.075453;5;24.246;5;29.052;2
463;2014/12/29 15:25;113.049662;19.085958;3;23.056;0;29.881;1
464;2014/12/29 15:25;113.009139;19.050316;6;27.038;9;28.476;10
465;2014/12/29 15:25;113.09297;19.006787;3;23.015;3;29.539;5
466;2014/12/29 15:25;113.010448;19.045363;1;24.353;9;27.566;9
467;2014/12/29 15:25;113.045914;19.066429;5;27.261;8;29.52;1
468;2014/12/29 15:25;113.009111;19.046668;3;26.181;2;29.385;1
469;2014/12/29 15:25;113.027732;19.052802;5;27.278;1;28.477;8
470;2014/12/29 15:25;113.099312;19.084789;6;24.812;4;29.1;4
471;2014/12/29 15:25;113.053614;19.089023;4;25.014;6;28.085;4
472;2014/12/29 15:25;113.098725;19.062541;3;23.295;7;28.082;5
473;2014/12/29 15:25;113.077123;19.081615;4;26.055;8;28.462;5
474;2014/12/29 15:25;113.065561;19.033177;2;25.231;0;29.097;8
475;2014/12/29 15:25;113.073514;19.071462;1;27.126;2;28.776;2
476;2014/12/29 15:25;113.01032;19.092675;5;25.203;4;28.871;3
477;2014/12/29 15:25;113.057153;19.023879;3;26.517;9;27.191;4
478;2014/12/29 15:25;113.082403;19.06009;1;23.044;3;27.671;2
479;2014/12/29 15:25;113.005327;19.051052;5;25.891;1;27.041;3
480;2014/12/29 15:25;113.082831;19.075293;3;27.942;4;29.891;8
481;2014/12/29 15:25;113.08708;19.089634;6;23.723;4;29.474;8
482;2014/12/29 15:25;113.001432;19.03072;6;24.605;5;29.644;0
483;2014/12/29 15:25;113.005447;19.006432;6;23.678;10;28.515;1
484;2014/12/29 15:25;113.060591;19.072866;4;24.293;2;29.524;8
485;2014/12/29 15:25;113.00193;19.085199;4;27.119;4;29.803;7
486;2014/12/29 15:25;113.095239;19.035479;2;25.928;2;27.982;9
487;2014/12/29 15:25;113.038658;19.016703;2;27.241;5;27.543;2
488;2014/12/29 15:25;113.038963;19.055733;4;26.672;7;28.214;7
489;2014/12/29 15:25;113.090079;19.063608;2;23.8;2;27.276;9
490;2014/12/29 15:25;113.046152;19.072178;5;26.536;10;28.049;0
491;2014/12/29 15:25;113.05237;19.077759;3;23.496;6;28.303;1
492;2014/12/29 15:25;113.034475;19.062075;5;26.492;1;27.268;9
493;2014/12/29 15:25;113.007131;19.064868;3;27.363;4;28.098;7
494;2014/12/29 15:25;113.016765;19.079361;5;24.42;5;29.218;1
495;2014/12/29 15:25;113.028687;19.00021;4;24.107;1;28.46;1
496;2014/12/29 15:25;113.073049;19.079486;4;26.069;2;27.235;1
497;2014/12/29 15:25;113.07762;19.09364;2;27.933;9;29.228;3
498;2014/12/29 15:25;113.052371;19.042643;3;27.519;0;28.714;1
499;2014/12/29 15:25;113.068287;19.030489;1;25.304;5;29.368;2
500;2014/12/29 15:25;113.07749;19.066117;2;25.195;8;27.739;6
501;2014/12/29 15:25;113.019932;19.045561;5;26.509;1;27.992;3
502;2014/12/29 15:25;113.085417;19.061551;5;27.967;7;29.991;5
503;2014/12/29 15:25;113.055757;19.067559;3;24.07;10;28.321;9
504;2014/12/29 15:25;113.045584;19.05097;4;26.748;3;28.765;5
505;2014/12/29 15:25;113.027072;19.045766;5;27.865;7;27.531;6
506;2014/12/29 15:25;113.091521;19.042812;2;25.957;4;28.137;6
507;2014/12/29 15:25;113.075941;19.004255;4;25.527;3;29.384;1
508;2014/12/29 15:25;113.089909;19.041427;3;25.041;3;27.049;6
509;2014/12/29 15:25;113.064918;19.048987;2;27.974;10;28.831;10
510;2014/12/29 15:25;113.082995;19.01945;2;26.457;4;27.19;7
511;2014/12/29 15:25;113.09353;19.013205;1;23.88;3;28.251;7
512;2014/12/29 15:25;113.025653;19.030535;5;23.303;4;28.007;9
513;2014/12/29 15:25;113.004224;19.035059;6;27.031;5;28.738;7
514;2014/12/29 15:25;113.066574;19.06464;5;25.448;0;29.779;6
515;2014/12/29 15:25;113.011976;19.046521;4;27.384;7;28.722;0
516;2014/12/29 15:25;113.09007;19.069627;3;27.412;8;29.551;8
517;2014/12/29 15:25;113.0705;19.049707;6;26.425;4;27.185;3
518;2014/12/29 15:25;113.000765;19.099044;2;26.699;1;29.21;5
519;2014/12/29 15:25;113.035101;19.088926;4;24.255;9;29.496;9
520;2014/12/29 15:25;113.085498;19.014952;1;26.053;4;27.21;1
521;2014/12/29 15:25;113.021812;19.051656;1;26.441;7;29.008;9
522;2014/12/29 15:25;113.045046;19.07157;4;24.806;7;29.897;2
523;2014/12/29 15:25;113.022196;19.060787;5;23.646;5;28.618;4
524;2014/12/29 15:25;113.017725;19.004664;2;27.151;8;28.147;8
525;2014/12/29 15:25;113.020419;19.004016;1;26.406;7;28.258;6
526;2014/12/29 15:25;113.074774;19.014695;3;27.087;8;27.831;8
527;2014/12/29 15:25;113.022782;19.053314;6;27.77;2;28.273;4
528;2014/12/29 15:25;113.024188;19.067336;4;24.076;1;29.171;5
529;2014/12/29 15:25;113.033589;19.070931;2;25.97;8;27.248;3
530;2014/12/29 15:25;113.062345;19.045036;4;25.954;0;29.788;9
531;2014/12/29 15:25;113.091918;19.084642;3;23.112;2;29.147;1
532;2014/12/29 15:25;113.016335;19.082016;5;26.147;4;29.242;0
533;2014/12/29 15:25;113.058148;19.049236;3;27.507;1;29.88;8
534;2014/12/29 15:25;113.088526;19.060705;3;25.618;7;29.092;0
535;2014/12/29 15:25;113.047525;19.028936;6;27.252;6;27.546;4
536;2014/12/29 15:25;113.039596;19.094927;2;25.887;3;28.1;4
537;2014/12/29 15:25;113.014079;19.0527;2;25.319;2;27.093;2
538;2014/12/29 15:25;113.032842;19.025165;2;25.7;6;27.702;7
539;2014/12/29 15:25;113.094294;19.060591;3;24.296;8;27.886;0
540;2014/12/29 15:25;113.085453;19.01355;3;25.647;6;28.424;1
541;2014/12/29 15:25;113.098081;19.049336;6;25.452;4;27.466;5
542;2014/12/29 15:25;113.024331;19.056494;4;26.491;0;29.691;3
543;2014/12/29 15:25;113.035692;19.070087;4;23.275;5;28.544;3
544;2014/12/29 15:25;113.061555;19.075575;2;24.848;6;28.583;8
545;2014/12/29 15:25;113.012573;19.076495;3;25.191;10;29.437;7
546;2014/12/29 15:25;113.08838;19.06499;1;26.06;4;28.445;6
547;2014/12/29 15:25;113.079892;19.098443;1;23.501;1;29.14;2
548;2014/12/29 15:25;113.089262;19.035793;6;27.043;3;29.369;5
549;2014/12/29 15:25;113.021218;19.01715;2;24.698;2;28.065;10
550;2014/12/29 15:25;113.082004;19.057069;4;26.229;1;29.478;4
551;2014/12/29 15:25;113.019955;19.018796;5;27.675;1;28.889;3
552;2014/12/29 15:25;113.082597;19.018378;5;25.299;1;28.869;4
553;2014/12/29 15:25;113.032233;19.000868;2;26.5;1;28.117;7
554;2014/12/29 15:25;113.014263;19.036614;2;27.928;4;27.07;9
555;2014/12/29 15:25;113.030191;19.030477;1;27.023;5;28.633;8
556;2014/12/29 15:25;113.054579;19.057361;3;25.471;4;27.729;5
557;2014/12/29 15:25;113.09819;19.036856;2;25.214;9;28.262;6
558;2014/12/29 15:25;113.043433;19.037719;1;26.304;3;27.675;4
559;2014/12/29 15:25;113.046389;19.09702;2;27.898;10;29.253;5
560;2014/12/29 15:25;113.030708;19.058813;5;26.441;2;28.618;5
561;2014/12/29 15:25;113.008036;19.01941;1;27.075;4;28.892;10
562;2014/12/29 15:25;113.024743;19.0267;2;27.038;3;29.273;7
563;2014/12/29 15:25;113.029877;19.051802;4;26.626;1;28.728;6
564;2014/12/29 15:25;113.089419;19.055502;1;27.248;5;29.802;7
565;2014/12/29 15:25;113.010569;19.025725;5;24.228;8;28.618;8
566;2014/12/29 15:25;113.049872;19.029817;3;24.015;5;27.966;4
567;2014/12/29 15:25;113.012662;19.062993;3;25.154;10;29.022;0
568;2014/12/29 15:25;113.002282;19.09292;6;26.317;10;29.827;9
569;2014/12/29 15:25;113.062182;19.010458;4;26.378;0;28.282;0
570;2014/12/29 15:25;113.076439;19.080327;5;27.475;4;29.169;7
571;2014/12/29 15:25;113.051663;19.06183;1;24.262;9;29.593;5
572;2014/12/29 15:25;113.078346;19.02124;2;25.853;5;29.216;6
573;2014/12/29 15:25;113.01007;19.036399;3;24.851;5;29.084;9
574;2014/12/29 15:25;113.008187;19.003513;5;26.52;1;28.982;9
575;2014/12/29 15:25;113.064343;19.014557;6;26.004;8;27.384;1
576;2014/12/29 15:25;113.002298;19.086319;3;23.783;7;27.25;1
577;2014/12/29 15:25;113.077924;19.075792;2;25.059;6;29.402;6
578;2014/12/29 15:25;113.069962;19.078652;3;25.99;5;27.364;7
579;2014/12/29 15:25;113.040346;19.097214;5;27.601;4;29.244;2
580;2014/12/29 15:25;113.098009;19.068143;4;24.703;8;28.319;2
581;2014/12/29 15:25;113.026045;19.07819;3;25.188;9;29.58;7
582;2014/12/29 15:25;113.028837;19.038211;1;24.075;7;29.91;5
583;2014/12/29 15:25;113.030997;19.088336;5;26.254;7;27.247;1
584;2014/12/29 15:25;113.054132;19.087501;1;27.856;5;29.52;2
585;2014/12/29 15:25;113.08502;19.020285;5;24.351;7;28.739;7
586;2014/12/29 15:25;113.078211;19.094659;4;26.556;6;29.112;4
587;2014/12/29 15:25;113.06099;19.08034;6;23.259;4;27.106;3
588;2014/12/29 15:25;113.025703;19.061908;1;25.069;2;27.226;2
589;2014/12/29 15:25;113.096298;19.015249;2;27.226;3;29.088;8
590;2014/12/29 15:25;113.090412;19.045968;2;24.773;8;27.925;9
591;2014/12/29 15:25;113.016477;19.022676;2;25.031;4;29.681;9
592;2014/12/29 15:25;113.033612;19.070883;3;23.326;7;29.111;6
593;2014/12/29 15:25;113.024304;19.099907;2;23.114;6;28.816;0
594;2014/12/29 15:25;113.059639;19.020059;1;24.893;6;29.48;5
595;2014/12/29 15:25;113.002624;19.047726;5;26.35;2;27.527;10
596;2014/12/29 15:25;113.094133;19.014009;1;24.76;5;28.836;0
597;2014/12/29 15:25;113.011368;19.075664;2;24.561;9;29.54;1
598;2014/12/29 15:25;113.003899;19.001617;2;23.283;3;29.813;1
599;2014/12/29 15:25;113.013851;19.004639;4;24.268;3;27.498;7
600;2014/12/29 15:25;113.056865;19.062721;2;27.404;6;28.033;3
601;2014/12/29 15:25;113.011071;19.057649;5;24.999;2;27.3;4
602;2014/12/29 15:25;113.016724;19.005488;1;23.251;5;28.754;6
603;2014/12/29 15:25;113.008319;19.093468;4;23.081;9;29.797;10
604;2014/12/29 15:25;113.072206;19.000647;1;23.884;10;27.208;4
605;2014/12/29 15:25;113.082672;19.037457;2;23.971;3;29.213;6
606;2014/12/29 15:25;113.097754;19.099149;3;23.686;4;27.369;8
607;2014/12/29 15:25;113.052531;19.0753;5;27.267;7;27.064;1
608;2014/12/29 15:25;113.057279;19.025611;6;23.46;6;28.184;2
609;2014/12/29 15:25;113.071389;19.008863;5;25.888;2;28.688;5
610;2014/12/29 15:25;113.08882;19.085064;2;23.422;7;27.723;5
611;2014/12/29 15:25;113.083758;19.035844;6;27.287;5;29.265;9
612;2014/12/29 15:25;113.074367;19.077851;5;27.764;4;27.128;9
613;2014/12/29 15:25;113.06171;19.027198;5;27.803;4;28.199;1
614;2014/12/29 15:25;113.075821;19.099606;6;27.934;7;29.911;6
615;2014/12/29 15:25;113.077744;19.050591;3;25.488;5;29.204;7
616;2014/12/29 15:25;113.06761;19.017171;4;24.552;5;28.831;8
617;2014/12/29 15:25;113.086934;19.040521;5;25.058;8;28.373;2
618;2014/12/29 15:25;113.082027;19.096057;4;27.768;8;28.78;7
619;2014/12/29 15:25;113.085295;19.092628;2;26.946;2;28.15;9
620;2014/12/29 15:25;113.004164;19.028024;6;27.942;5;27.488;5
621;2014/12/29 15:25;113.008704;19.099056;5;27.243;9;29.964;2
622;2014/12/29 15:25;113.00625;19.060322;6;24.853;7;28.875;1
623;2014/12/29 15:25;113.046906;19.085175;3;25.412;4;29.588;2
624;2014/12/29 15:25;113.099439;19.076229;5;24.91;1;27.889;7
625;2014/12/29 15:25;113.03075;19.034283;3;26.775;2;28.106;3
626;2014/12/29 15:25;113.045314;19.019738;5;25.982;5;28.476;3
627;2014/12/29 15:25;113.093699;19.013363;2;27.43;3;27.84;4
628;2014/12/29 15:25;113.007247;19.086697;6;24.387;8;28.601;0
629;2014/12/29 15:25;113.022313;19.034284;3;27.154;3;28.534;9
630;2014/12/29 15:25;113.013668;19.014532;3;23.632;7;28.912;5
631;2014/12/29 15:25;113.070049;19.084431;2;24.382;0;29.151;9
632;2014/12/29 15:25;113.077163;19.017338;4;26.821;9;27.91;7
633;2014/12/29 15:25;113.005135;19.065431;2;25.332;2;28.338;1
634;2014/12/29 15:25;113.061631;19.01427;3;27.777;8;27.097;1
635;2014/12/29 15:25;113.032626;19.008419;3;25.341;8;27.525;8
636;2014/12/29 15:25;113.075179;19.025865;5;25.379;3;27.889;9
637;2014/12/29 15:25;113.008537;19.086626;4;24.804;1;29.857;10
638;2014/12/29 15:25;113.037652;19.008048;1;26.278;6;28.098;9
639;2014/12/29 15:25;113.001829;19.053529;4;24.851;5;29.251;5
640;2014/12/29 15:25;113.012612;19.090273;4;24.759;6;27.752;2
641;2014/12/29 15:25;113.041808;19.003688;4;24.83;6;28.579;7
642;2014/12/29 15:25;113.018756;19.010989;2;23.589;0;29.217;6
643;2014/12/29 15:25;113.03417;19.024842;5;24.526;7;27.656;6
644;2014/12/29 15:25;113.019944;19.040386;1;25.222;10;29.725;1
645;2014/12/29 15:25;113.011342;19.091358;6;26.691;2;27.811;5
646;2014/12/29 15:25;113.003972;19.034177;5;25.529;8;29.96;7
647;2014/12/29 15:25;113.021526;19.07555;6;27.804;9;29.155;5
648;2014/12/29 15:25;113.024971;19.095341;3;23.155;6;28.243;6
649;2014/12/29 15:25;113.067865;19.000258;2;26.883;2;27.612;8
650;2014/12/29 15:25;113.080636;19.01034;2;26.258;6;29.437;3
651;2014/12/29 15:25;113.042243;19.037711;6;26.712;7;27.023;1
652;2014/12/29 15:25;113.023328;19.04922;4;26.079;7;28.97;1
653;2014/12/29 15:25;113.081345;19.082182;3;25.839;2;27.048;9
654;2014/12/29 15:25;113.021906;19.098318;6;27.642;9;29.414;3
655;2014/12/29 15:25;113.014914;19.090323;2;24.475;3;27.532;6
656;2014/12/29 15:25;113.048298;19.019632;1;27.602;10;29.009;6
657;2014/12/29 15:25;113.007746;19.03557;2;25.439;2;29.082;0
658;2014/12/29 15:25;113.044853;19.001315;1;24.254;7;27.109;0
659;2014/12/29 15:25;113.025085;19.080532;2;26.959;8;27.398;5
660;2014/12/29 15:25;113.08216;19.070737;1;27.096;2;27.655;3
661;2014/12/29 15:25;113.092693;19.021931;2;27.954;8;27.128;7
662;2014/12/29 15:25;113.026007;19.067816;2;24.746;1;28.718;6
663;2014/12/29 15:25;113.099989;19.071773;3;25.545;7;27.443;2
664;2014/12/29 15:25;113.054336;19.038041;5;26.617;5;28.289;3
665;2014/12/29 15:25;113.044843;19.0215;1;27.585;6;27.863;5
666;2014/12/29 15:25;113.069261;19.014473;2;24.102;2;28.401;2
667;2014/12/29 15:25;113.075395;19.005974;4;25.516;1;29.441;5
668;2014/12/29 15:25;113.019875;19.096341;1;27.643;7;28.977;7
669;2014/12/29 15:25;113.080257;19.022678;5;27.117;8;27.653;3
670;2014/12/29 15:25;113.064722;19.074935;3;27.506;1;27.726;2
671;2014/12/29 15:25;113.037912;19.042023;5;23.118;5;28.832;1
672;2014/12/29 15:25;113.049771;19.091179;4;26.385;8;29.709;6
673;2014/12/29 15:25;113.063308;19.096268;4;24.109;1;28.943;2
674;2014/12/29 15:25;113.073193;19.002057;4;23.216;10;28.755;1
675;2014/12/29 15:25;113.023349;19.031706;2;25.92;4;27.654;3
676;2014/12/29 15:25;113.083627;19.067205;5;26.742;3;28.351;2
677;2014/12/29 15:25;113.086541;19.06648;3;24.796;0;28.55;1
678;2014/12/29 15:25;113.054764;19.076831;4;23.941;1;27.047;8
679;2014/12/29 15:25;113.074085;19.016541;4;25.902;10;29.824;7
680;2014/12/29 15:25;113.037135;19.001139;2;26.772;2;27.511;3
681;2014/12/29 15:25;113.047943;19.009768;6;26.427;4;29.139;4
682;2014/12/29 15:25;113.051089;19.03258;3;24.64;7;28.329;4
683;2014/12/29 15:25;113.021007;19.089597;4;23.64;8;29.305;6
684;2014/12/29 15:25;113.055019;19.063866;2;26.33;4;29.937;10
685;2014/12/29 15:25;113.094178;19.029224;3;25.478;4;28.815;8
686;2014/12/29 15:25;113.057029;19.028769;2;25.162;6;27.905;3
687;2014/12/29 15:25;113.090111;19.005318;3;24.819;3;29.056;7
688;2014/12/29 15:25;113.071568;19.003805;3;25.705;9;27.963;1
689;2014/12/29 15:25;113.060064;19.006726;6;25.292;5;28.59;3
690;2014/12/29 15:25;113.028349;19.049034;5;25.282;4;27.577;3
691;2014/12/29 15:25;113.00186;19.072821;3;25.452;8;29.497;6
692;2014/12/29 15:25;113.037287;19.0848;6;27.124;8;27.985;5
693;2014/12/29 15:25;113.032391;19.021581;2;24.868;6;27.781;4
694;2014/12/29 15:25;113.006726;19.088902;1;24.915;4;27.188;5
695;2014/12/29 15:25;113.077104;19.085267;3;23.829;7;29.951;9
696;2014/12/29 15:25;113.02339;19.019413;6;27.92;2;28.454;1
697;2014/12/29 15:25;113.053719;19.016662;3;27.827;6;29.051;7
698;2014/12/29 15:25;113.032133;19.046329;4;24.806;6;28.43;7
699;2014/12/29 15:25;113.063715;19.089224;3;26.184;8;27.931;6
700;2014/12/29 15:25;113.043311;19.0448;2;24.063;1;27.867;1
701;2014/12/29 15:25;113.028556;19.021433;3;23.821;8;27.592;0
702;2014/12/29 15:25;113.097492;19.007087;1;26.858;6;27.888;8
703;2014/12/29 15:25;113.066142;19.041603;5;27.08;1;27.94;5
704;2014/12/29 15:25;113.086262;19.089332;2;27.6;2;28.03;9
705;2014/12/29 15:25;113.095814;19.069474;1;26.175;5;29.373;10
706;2014/12/29 15:25;113.035855;19.049585;3;24.28;8;28.872;1
707;2014/12/29 15:25;113.024337;19.038549;2;24.207;9;28.316;1
708;2014/12/29 15:25;113.087702;19.039547;5;27.403;4;27.667;2
709;2014/12/29 15:25;113.089526;19.070081;4;26.391;9;27.074;2
710;2014/12/29 15:25;113.081259;19.073258;5;25.071;9;29.232;7
711;2014/12/29 15:25;113.081436;19.018024;5;27.829;3;29.436;5
712;2014/12/29 15:25;113.070542;19.070175;3;25.077;3;28.342;8
713;2014/12/29 15:25;113.025687;19.034338;5;23.746;3;29.062;7
714;2014/12/29 15:25;113.04505;19.037733;4;24.878;10;29.043;1
715;2014/12/29 15:25;113.005719;19.046874;5;23.057;8;29.041;1
716;2014/12/29 15:25;113.030351;19.003106;3;27.642;7;28.337;6
717;2014/12/29 15:25;113.027458;19.053568;3;24.267;6;28.587;7
718;2014/12/29 15:25;113.058808;19.064587;4;23.081;6;27.756;3
719;2014/12/29 15:25;113.09224;19.002766;1;27.536;1;28.655;3
720;2014/12/29 15:25;113.051516;19.019685;4;26.439;7;29.372;2
721;2014/12/29 15:25;113.083518;19.0941;6;26.762;2;27.708;5
722;2014/12/29 15:25;113.062319;19.089781;2;23.883;3;29.556;9
723;2014/12/29 15:25;113.035975;19.031149;5;27.842;1;27.718;5
724;2014/12/29 15:25;113.062851;19.078997;3;23.096;6;28.011;6
725;2014/12/29 15:25;113.060208;19.099083;4;26.623;8;27.319;1
726;2014/12/29 15:25;113.067037;19.04186;3;23.458;9;29.555;6
727;2014/12/29 15:25;113.0173;19.041646;4;26.412;0;29.291;10
728;2014/12/29 15:25;113.083527;19.029063;5;24.805;8;28.41;1
729;2014/12/29 15:25;113.084257;19.076908;5;25.461;10;29.021;5
730;2014/12/29 15:25;113.069208;19.033075;4;25.436;10;27.935;9
731;2014/12/29 15:25;113.055807;19.083687;3;26.836;7;28.49;7
732;2014/12/29 15:25;113.085036;19.057468;4;24.676;10;29.912;2
733;2014/12/29 15:25;113.088047;19.043542;3;26.039;10;27.523;4
734;2014/12/29 15:25;113.060498;19.014295;6;24.885;3;27.518;8
735;2014/12/29 15:25;113.01424;19.075979;2;24.345;8;29.003;2
736;2014/12/29 15:25;113.022435;19.042863;5;26.872;9;28.417;6
737;2014/12/29 15:25;113.041101;19.02149;4;25.919;3;27.477;8
738;2014/12/29 15:25;113.005527;19.096731;6;26.048;4;28.091;4
739;2014/12/29 15:25;113.08738;19.02184;5;23.924;5;27.718;5
740;2014/12/29 15:25;113.09521;19.04873;2;27.785;3;28.184;1
741;2014/12/29 15:25;113.086479;19.02301;2;27.843;3;29.765;8
742;2014/12/29 15:25;113.01045;19.090672;4;23.454;5;27.344;4
743;2014/12/29 15:25;113.081794;19.05855;5;27.351;10;28.371;0
744;2014/12/29 15:25;113.0167;19.033095;6;24.461;1;27.745;9
745;2014/12/29 15:25;113.080521;19.003387;3;23.611;9;29.955;5
746;2014/12/29 15:25;113.070052;19.061713;1;26.708;7;29.163;3
747;2014/12/29 15:25;113.009005;19.038247;1;25.413;4;29.009;4
748;2014/12/29 15:25;113.059836;19.045999;3;23.849;1;28.467;6
749;2014/12/29 15:25;113.004304;19.057303;3;24.711;1;27.751;4
750;2014/12/29 15:25;113.067512;19.024119;4;23.16;10;27.082;8
751;2014/12/29 15:25;113.03512;19.044378;4;24.069;8;27.048;7
752;2014/12/29 15:25;113.059423;19.093715;2;25.285;9;27.014;4
753;2014/12/29 15:25;113.028679;19.070307;1;26.493;2;29.406;5
754;2014/12/29 15:25;113.05639;19.061935;3;23.663;2;27.232;2
755;2014/12/29 15:25;113.004254;19.044927;3;27.631;4;28.58;7
756;2014/12/29 15:25;113.070666;19.088338;3;27.179;10;29.691;10
757;2014/12/29 15:25;113.086232;19.024454;5;25.405;4;29.775;9
758;2014/12/29 15:25;113.041682;19.041416;5;25.943;3;27.001;6
759;2014/12/29 15:25;113.068088;19.08817;5;25.127;9;29.622;9
760;2014/12/29 15:25;113.088573;19.06962;5;25.396;9;29.711;3
761;2014/12/29 15:25;113.059211;19.074963;3;27.833;8;28.937;5
762;2014/12/29 15:25;113.078683;19.07988;3;26.967;1;28.063;1
763;2014/12/29 15:25;113.047219;19.084489;2;24.582;4;28.882;3
764;2014/12/29 15:25;113.051517;19.00095;2;23.72;4;29.686;7
765;2014/12/29 15:25;113.042126;19.004903;2;27.56;1;27.773;5
766;2014/12/29 15:25;113.0738;19.088613;2;23.981;0;28.213;9
767;2014/12/29 15:25;113.038761;19.010085;1;25.077;3;27.301;8
768;2014/12/29 15:25;113.033891;19.018818;1;26.811;7;29.376;1
769;2014/12/29 15:25;113.077011;19.076623;1;25.174;1;29.474;5
770;2014/12/29 15:25;113.084393;19.095512;6;24.347;5;27.118;7
771;2014/12/29 15:25;113.047609;19.097666;5;27.202;4;28.73;6
772;2014/12/29 15:25;113.014214;19.051156;6;26.931;7;27.035;2
773;2014/12/29 15:25;113.056394;19.003128;5;26.24;7;27.464;0
774;2014/12/29 15:25;113.092895;19.058483;4;24.128;4;29.617;6
775;2014/12/29 15:25;113.006107;19.045368;4;23.801;5;28.235;3
776;2014/12/29 15:25;113.026833;19.018334;3;27.499;4;27.438;4
777;2014/12/29 15:25;113.022042;19.01704;2;26.375;1;28.793;5
778;2014/12/29 15:25;113.016009;19.019828;3;27.424;3;27.898;6
779;2014/12/29 15:25;113.069474;19.038732;2;24.615;1;28.036;7
780;2014/12/29 15:25;113.046647;19.072736;5;25.873;8;28.348;2
781;2014/12/29 15:25;113.053065;19.011341;6;27.088;3;27.601;6
782;2014/12/29 15:25;113.060726;19.039817;5;24.005;3;28.077;7
783;2014/12/29 15:25;113.076267;19.007109;4;27.065;0;28.607;2
784;2014/12/29 15:25;113.009203;19.048829;4;24.077;3;28.522;2
785;2014/12/29 15:25;113.032395;19.064684;1;25.59;2;29.933;10
786;2014/12/29 15:25;113.007342;19.087742;6;24.29;10;29.294;6
787;2014/12/29 15:25;113.097877;19.04217;5;27.105;10;27.278;9
788;2014/12/29 15:25;113.06716;19.054337;5;25.174;8;28.109;3
789;2014/12/29 15:25;113.021902;19.050549;5;25.766;1;28.232;10
790;2014/12/29 15:25;113.041287;19.080436;5;25.617;10;29.123;4
791;2014/12/29 15:25;113.098397;19.013879;5;26;4;29.891;9
792;2014/12/29 15:25;113.068754;19.051796;3;26.949;5;28.695;9
793;2014/12/29 15:25;113.091458;19.014165;3;23.219;2;27.268;3
794;2014/12/29 15:25;113.073212;19.07823;6;23.072;6;27.192;4
795;2014/12/29 15:25;113.05172;19.091984;5;27.737;3;27.235;2
796;2014/12/29 15:25;113.080099;19.069772;1;26.635;5;27.917;3
797;2014/12/29 15:25;113.083824;19.022706;5;26.348;6;28.621;0
798;2014/12/29 15:25;113.093603;19.063582;1;25.447;2;28.163;10
799;2014/12/29 15:25;113.094819;19.021691;5;24.278;5;29.622;7
800;2014/12/29 15:25;113.04436;19.094826;3;27.228;1;27.918;1
801;2014/12/29 15:25;113.018662;19.051965;3;25.011;4;27.108;6
802;2014/12/29 15:25;113.087578;19.048602;3;27.435;2;28.85;5
803;2014/12/29 15:25;113.034334;19.011381;3;26.325;9;27.162;6
804;2014/12/29 15:25;113.067484;19.075458;5;23.127;5;29.731;7
805;2014/12/29 15:25;113.069611;19.024089;4;23.192;9;29.786;6
806;2014/12/29 15:25;113.059977;19.042351;5;24.029;4;28.819;4
807;2014/12/29 15:25;113.054213;19.008559;5;23.816;8;27.188;9
808;2014/12/29 15:25;113.028184;19.02137;1;23.579;8;27.877;3
809;2014/12/29 15:25;113.010867;19.058782;3;23.264;0;29.861;5
810;2014/12/29 15:25;113.058199;19.036435;5;26.493;7;27.475;3
811;2014/12/29 15:25;113.074495;19.036404;6;27.457;4;27.835;1
812;2014/12/29 15:25;113.039507;19.062517;2;27.526;6;27.228;4
813;2014/12/29 15:25;113.078542;19.083648;5;27.227;0;29.813;1
814;2014/12/29 15:25;113.096581;19.079932;1;24.962;9;29.796;1
815;2014/12/29 15:25;113.00846;19.01034;5;23.432;1;29.464;5
816;2014/12/29 15:25;113.062246;19.039342;3;23.42;1;29.122;1
817;2014/12/29 15:25;113.014744;19.071933;4;27.598;3;28.061;9
818;2014/12/29 15:25;113.0029;19.008999;4;23.826;9;27.628;10
819;2014/12/29 15:25;113.007134;19.075895;5;23.277;5;29.175;2
820;2014/12/29 15:25;113.031818;19.086313;4;25.091;10;29.234;3
821;2014/12/29 15:25;113.073805;19.049437;3;23.736;6;29.319;6
822;2014/12/29 15:25;113.036582;19.039052;5;24.932;0;28.371;4
823;2014/12/29 15:25;113.030098;19.063318;3;25.032;8;29.33;9
824;2014/12/29 15:25;113.023592;19.067571;3;26.201;3;27.691;0
825;2014/12/29 15:25;113.060969;19.071449;6;26.474;3;28.872;5
826;2014/12/29 15:25;113.086017;19.056254;3;24.142;8;29.012;7
827;2014/12/29 15:25;113.059719;19.046598;5;27.548;1;27.574;8
828;2014/12/29 15:25;113.074128;19.008321;5;23.229;1;29.074;10
829;2014/12/29 15:25;113.009372;19.046482;6;24.594;3;29.137;9
830;2014/12/29 15:25;113.041928;19.091619;1;26.855;9;28.435;3
831;2014/12/29 15:25;113.01391;19.051362;3;23.602;10;28.559;10
832;2014/12/29 15:25;113.003192;19.045238;6;25.426;3;27.466;8
833;2014/12/29 15:25;113.086146;19.028614;1;27.392;9;27.029;1
834;2014/12/29 15:25;113.068428;19.061351;3;25.113;2;27.117;7
835;2014/12/29 15:25;113.092809;19.064482;4;23.576;8;28.911;7
836;2014/12/29 15:25;113.015547;19.068326;2;26.61;1;29.013;8
837;2014/12/29 15:25;113.074956;19.02133;4;23.774;3;27.49;2
838;2014/12/29 15:25;113.013022;19.063446;3;27.013;7;29.487;8
839;2014/12/29 15:25;113.056839;19.028255;3;27.107;8;28.643;4
840;2014/12/29 15:25;113.090088;19.080092;1;26.307;8;28.039;3
841;2014/12/29 15:25;113.030347;19.029347;2;25.016;4;27.59;1
842;2014/12/29 15:25;113.042803;19.017109;3;27.582;9;29.723;4
843;2014/12/29 15:25;113.046626;19.004612;3;24.393;6;27.997;0
844;2014/12/29 15:25;113.010795;19.089589;2;24.484;5;28.488;1
845;2014/12/29 15:25;113.067852;19.069834;2;23.182;8;28.099;6
846;2014/12/29 15:25;113.077171;19.061316;4;23.683;3;27.833;10
847;2014/12/29 15:25;113.064356;19.055383;3;26.906;9;29.53;8
848;2014/12/29 15:25;113.021198;19.062507;6;26.411;1;28.338;8
849;2014/12/29 15:25;113.045381;19.041355;4;27.092;1;28.088;3
850;2014/12/29 15:25;113.04789;19.01225;4;23.373;2;29.479;2
851;2014/12/29 15:25;113.069441;19.069836;5;26.999;6;28.787;0
852;2014/12/29 15:25;113.029418;19.077304;3;25.181;4;29.528;8
853;2014/12/29 15:25;113.055928;19.092325;5;25.124;0;28.691;8
854;2014/12/29 15:25;113.06181;19.032932;2;26.824;4;29.887;3
855;2014/12/29 15:25;113.096328;19.090881;3;25.541;5;29.487;7
856;2014/12/29 15:25;113.080314;19.06923;2;24.251;3;29.785;6
857;2014/12/29 15:25;113.003078;19.041301;2;27.618;2;29.08;4
858;2014/12/29 15:25;113.071307;19.009492;6;24.823;9;27.924;8
859;2014/12/29 15:25;113.065398;19.009742;1;24.891;4;28.393;6
860;2014/12/29 15:25;113.080359;19.086555;2;25.349;4;29.62;7
861;2014/12/29 15:25;113.022554;19.046225;5;23.618;6;28.721;6
862;2014/12/29 15:25;113.020302;19.009092;3;25.212;7;28.653;6
863;2014/12/29 15:25;113.059032;19.054503;1;24.989;10;28.45;3
864;2014/12/29 15:25;113.070712;19.073603;6;25.658;8;28.539;5
865;2014/12/29 15:25;113.074672;19.026045;3;26.257;8;27.14;4
866;2014/12/29 15:25;113.070947;19.024157;5;25.112;5;27.571;8
867;2014/12/29 15:25;113.054358;19.065782;2;25.012;3;28.847;6
868;2014/12/29 15:25;113.01804;19.060916;4;24.735;9;27.067;2
869;2014/12/29 15:25;113.001242;19.043977;3;26.863;6;29.809;10
870;2014/12/29 15:25;113.018798;19.054747;4;26.083;9;29.743;1
871;2014/12/29 15:25;113.086238;19.04442;5;24.957;2;29.214;2
872;2014/12/29 15:25;113.085442;19.075761;2;24.32;1;27.253;3
873;2014/12/29 15:25;113.026794;19.047339;4;24.002;5;29.475;5
874;2014/12/29 15:25;113.062949;19.06702;2;23.092;7;27.925;1
875;2014/12/29 15:25;113.041769;19.031505;4;24.221;3;29.737;4
876;2014/12/29 15:25;113.049939;19.076519;5;23.776;7;29.341;8
877;2014/12/29 15:25;113.087581;19.064205;2;23.085;9;29.573;4
878;2014/12/29 15:25;113.03318;19.07051;6;24.64;8;27.132;2
879;2014/12/29 15:25;113.06253;19.065287;2;25.519;5;27.589;1
880;2014/12/29 15:25;113.056471;19.027555;1;27.415;9;29.155;9
881;2014/12/29 15:25;113.073818;19.067125;6;26.352;7;27.644;3
882;2014/12/29 15:25;113.025476;19.066248;6;23.358;8;27.803;10
883;2014/12/29 15:25;113.041219;19.024184;2;27.868;3;28.573;8
884;2014/12/29 15:25;113.050205;19.063925;4;24.866;6;27.169;2
885;2014/12/29 15:25;113.082128;19.001631;4;26.136;5;27.186;9
886;2014/12/29 15:25;113.048339;19.045451;2;25.27;1;28.574;6
887;2014/12/29 15:25;113.061311;19.062843;2;24.127;2;29.454;1
888;2014/12/29 15:25;113.089149;19.018934;3;25.189;10;28.826;9
889;2014/12/29 15:25;113.093631;19.016599;6;24.316;7;29.656;6
890;2014/12/29 15:25;113.013718;19.049532;4;27.391;7;28.915;10
891;2014/12/29 15:25;113.012105;19.098718;5;24.042;4;29.21;1
892;2014/12/29 15:25;113.08711;19.023456;2;26.944;7;28.87;6
893;2014/12/29 15:25;113.012806;19.07414;3;23.772;5;27.193;5
894;2014/12/29 15:25;113.061388;19.022947;4;27.152;9;28.496;10
895;2014/12/29 15:25;113.070837;19.088984;2;25.452;1;28.751;4
896;2014/12/29 15:25;113.00649;19.060631;3;27.954;9;29.239;6
897;2014/12/29 15:25;113.040124;19.011673;1;23.294;0;29.304;8
898;2014/12/29 15:25;113.068938;19.055776;1;27.523;1;29.453;6
899;2014/12/29 15:25;113.025708;19.07103;4;25.237;3;27.593;5
900;2014/12/29 15:25;113.038467;19.058548;3;27.469;7;29.59;7
901;2014/12/29 15:25;113.002724;19.040136;5;27.816;7;27.949;5
902;2014/12/29 15:25;113.062102;19.04434;3;23.487;7;27.328;2
903;2014/12/29 15:25;113.041346;19.082998;6;27.476;6;29.626;8
904;2014/12/29 15:25;113.040632;19.050977;2;26.794;4;27.491;7
905;2014/12/29 15:25;113.064525;19.096743;3;25.939;4;29.863;7
906;2014/12/29 15:25;113.077568;19.058892;4;23.54;9;29.041;1
907;2014/12/29 15:25;113.02995;19.026913;5;26.498;3;29.713;2
908;2014/12/29 15:25;113.086217;19.057676;5;23.525;5;27.921;2
909;2014/12/29 15:25;113.021765;19.061278;1;24.357;6;29.733;5
910;2014/12/29 15:25;113.027061;19.066041;2;26.368;4;27.386;3
911;2014/12/29 15:25;113.096078;19.019198;2;25.459;1;29.031;1
912;2014/12/29 15:25;113.043178;19.061826;1;23.79;3;28.714;7
913;2014/12/29 15:25;113.077192;19.093467;4;27.988;5;29.374;4
914;2014/12/29 15:25;113.003103;19.017624;3;24.028;7;27.627;2
915;2014/12/29 15:25;113.039332;19.09942;5;23.991;1;28.066;0
916;2014/12/29 15:25;113.020138;19.080197;3;27.692;10;27.754;9
917;2014/12/29 15:25;113.04784;19.091651;4;25.92;4;27.657;10
918;2014/12/29 15:25;113.096754;19.088296;3;24.17;1;27.074;4
919;2014/12/29 15:25;113.05866;19.000307;4;26.371;5;27.361;8
920;2014/12/29 15:25;113.021808;19.051349;3;26.066;4;27.763;9
921;2014/12/29 15:25;113.013552;19.03486;5;23.664;5;27.709;3
922;2014/12/29 15:25;113.021175;19.053936;4;23.57;8;27.334;3
923;2014/12/29 15:25;113.080146;19.021906;4;26.953;2;29.271;10
924;2014/12/29 15:25;113.063708;19.074888;2;24.988;6;28.166;6
925;2014/12/29 15:25;113.031945;19.054975;1;26.55;9;27.413;4
926;2014/12/29 15:25;113.076393;19.09898;6;26.303;4;27.679;1
927;2014/12/29 15:25;113.060786;19.066099;4;25.292;10;27.194;7
928;2014/12/29 15:25;113.024636;19.04467;4;24.69;9;29.141;2
929;2014/12/29 15:25;113.088998;19.02763;2;23.802;3;28.544;5
930;2014/12/29 15:25;113.09563;19.021019;2;23.47;4;28.751;5
931;2014/12/29 15:25;113.029052;19.030478;4;27.955;2;28.531;2
932;2014/12/29 15:25;113.09172;19.043776;4;23.839;2;29.835;0
933;2014/12/29 15:25;113.053743;19.019866;2;26.453;2;29.981;7
934;2014/12/29 15:25;113.057385;19.080816;5;27.666;6;27.938;5
935;2014/12/29 15:25;113.063617;19.066004;3;23.343;0;29.417;3
936;2014/12/29 15:25;113.050587;19.009579;1;26.194;2;27.563;6
937;2014/12/29 15:25;113.046555;19.077407;5;24.785;3;28.167;0
938;2014/12/29 15:25;113.021517;19.051149;3;25.288;4;28.229;1
939;2014/12/29 15:25;113.096305;19.053392;2;27.397;6;29.339;3
940;2014/12/29 15:25;113.087494;19.076102;2;27.159;5;29.933;2
941;2014/12/29 15:25;113.031585;19.092675;5;24.356;8;29.21;4
942;2014/12/29 15:25;113.003323;19.085476;3;27.231;2;29.23;0
943;2014/12/29 15:25;113.081722;19.03879;4;25.357;6;29.187;8
944;2014/12/29 15:25;113.089889;19.020469;5;24.006;0;29.619;6
945;2014/12/29 15:25;113.000662;19.079617;6;26.339;6;28.93;8
946;2014/12/29 15:25;113.053463;19.041504;6;24.181;9;27.158;2
947;2014/12/29 15:25;113.043009;19.068392;2;25.199;3;28.932;3
948;2014/12/29 15:25;113.059474;19.097088;4;23.179;6;27.256;1
949;2014/12/29 15:25;113.002233;19.075054;2;23.907;10;27.25;10
950;2014/12/29 15:25;113.092337;19.047944;5;23.092;8;27.66;4
951;2014/12/29 15:25;113.08162;19.08583;2;27.243;8;28.48;5
952;2014/12/29 15:25;113.08408;19.017769;2;25.034;8;27.015;7
953;2014/12/29 15:25;113.087454;19.015632;1;24.611;5;27.426;5
954;2014/12/29 15:25;113.02097;19.047304;3;25.912;9;29.542;1
955;2014/12/29 15:25;113.06343;19.092531;3;26.404;5;27.079;6
956;2014/12/29 15:25;113.084766;19.010783;6;27.709;6;27.353;6
957;2014/12/29 15:25;113.0506;19.092409;1;27.482;1;28.715;4
958;2014/12/29 15:25;113.060834;19.075493;2;23.342;9;28.672;3
959;2014/12/29 15:25;113.019105;19.072736;4;24.549;5;29.008;1
960;2014/12/29 15:25;113.062436;19.032217;2;27.862;7;29.847;3
961;2014/12/29 15:25;113.098673;19.026455;5;26.286;1;28.334;4
962;2014/12/29 15:25;113.088947;19.002727;6;26.586;8;29.217;8
963;2014/12/29 15:25;113.085463;19.052042;4;23.117;5;27.12;3
964;2014/12/29 15:25;113.054408;19.006763;3;24.965;4;28.981;6
965;2014/12/29 15:25;113.071435;19.082873;3;27.777;2;28.313;7
966;2014/12/29 15:25;113.000359;19.063868;5;23.603;0;29.294;5
967;2014/12/29 15:25;113.005226;19.013358;1;26.255;4;28.743;7
968;2014/12/29 15:25;113.002401;19.02214;2;26.507;2;27.823;6
969;2014/12/29 15:25;113.056279;19.082537;2;26.501;10;27.979;10
970;2014/12/29 15:25;113.020937;19.063702;5;26.118;9;27.789;4
971;2014/12/29 15:25;113.002857;19.002425;1;26.303;7;28.129;4
972;2014/12/29 15:25;113.0923;19.058573;1;23.785;10;28.908;7
973;2014/12/29 15:25;113.04504;19.05489;4;27.208;6;28.587;3
974;2014/12/29 15:25;113.068335;19.064219;2;23.334;1;27.223;7
975;2014/12/29 15:25;113.054973;19.054987;3;26.748;2;27.451;9
976;2014/12/29 15:25;113.099292;19.086889;3;24.358;3;27.762;9
977;2014/12/29 15:25;113.071586;19.09103;4;24.639;6;27.096;1
978;2014/12/29 15:25;113.000796;19.026052;6;23.984;10;27.973;2
979;2014/12/29 15:25;113.050178;19.045543;1;27.013;9;28.21;8
980;2014/12/29 15:25;113.033161;19.072215;3;27.038;2;28.172;6
981;2014/12/29 15:25;113.023402;19.013797;2;25.19;7;27.79;10
982;2014/12/29 15:25;113.092409;19.073737;3;27.431;10;28.705;1
983;2014/12/29 15:25;113.01066;19.03718;1;23.08;3;27.536;7
984;2014/12/29 15:25;113.074897;19.066139;5;24.764;6;28.641;4
985;2014/12/29 15:25;113.040522;19.043462;5;26.259;3;28.033;2
986;2014/12/29 15:25;113.015706;19.002517;1;23.746;8;27.133;3
987;2014/12/29 15:25;113.079969;19.069193;5;25.622;7;27.951;1
988;2014/12/29 15:25;113.076092;19.060841;3;27.869;3;28.272;7
989;2014/12/29 15:25;113.043877;19.053784;3;27.499;2;28.528;4
990;2014/12/29 15:25;113.026754;19.049842;2;25.03;9;28.349;9
991;2014/12/29 15:25;113.027916;19.083378;2;25.89;7;29.139;6
992;2014/12/29 15:25;113.026456;19.03337;4;27.926;9;27.43;9
993;2014/12/29 15:25;113.089626;19.086972;1;23.58;0;29.516;1
994;2014/12/29 15:25;113.070777;19.051639;4;24.728;4;29.811;6
995;2014/12/29 15:25;113.021563;19.022049;3;27.871;2;28.079;1
996;2014/12/29 15:25;113.031923;19.008235;6;27.012;5;28.612;0
997;2014/12/29 15:25;113.080247;19.009349;2;25.491;5;28.118;4
998;2014/12/29 15:25;113.040232;19.085316;5;24.787;3;28.677;10
999;2014/12/29 15:25;113.046296;19.092759;5;26.278;1;28.299;8
1000;2014/12/29 15:25;113.060181;19.036791;4;23.883;6;28.421;5
1001;2014/12/29 15:25;113.058232;19.022888;3;25.124;6;28.624;8
1002;2014/12/29 15:25;113.08013;19.009863;2;26.552;3;27.788;1
1003;2014/12/29 15:25;113.018658;19.038116;2;26.174;5;29.705;0
1004;2014/12/29 15:25;113.018655;19.030019;3;26.3;3;27.563;5
1005;2014/12/29 15:25;113.09224;19.024857;4;23.382;5;28.44;10
1006;2014/12/29 15:25;113.095831;19.083853;2;26.412;0;29.033;7
1007;2014/12/29 15:25;113.092671;19.08474;2;23.006;4;29.629;9
1008;2014/12/29 15:25;113.038795;19.049241;2;27.072;9;28.167;3
1009;2014/12/29 15:25;113.020937;19.031257;2;27.052;8;28.791;3
1010;2014/12/29 15:25;113.015289;19.096987;3;23.121;2;29.189;8
1011;2014/12/29 15:25;113.008239;19.092244;3;27.251;3;29.431;2
1012;2014/12/29 15:25;113.01594;19.019324;2;27.67;10;29.811;6
1013;2014/12/29 15:25;113.057481;19.091205;4;23.327;6;29.012;3
1014;2014/12/29 15:25;113.075855;19.07111;2;25.281;5;27.266;9
1015;2014/12/29 15:25;113.003632;19.095124;1;25.095;6;29.64;8
1016;2014/12/29 15:25;113.0143;19.051364;6;26.598;6;27.641;5
1017;2014/12/29 15:25;113.054372;19.037432;1;25.053;4;29.816;3
1018;2014/12/29 15:25;113.001864;19.04709;2;24.408;1;29.246;9
1019;2014/12/29 15:25;113.047937;19.08859;1;24.789;2;29.816;3
1020;2014/12/29 15:25;113.011946;19.065697;3;23.869;6;29.724;6
1021;2014/12/29 15:25;113.025808;19.002636;4;25.117;4;28.768;5
1022;2014/12/29 15:25;113.091258;19.036166;2;25.95;2;28.082;1
1023;2014/12/29 15:25;113.089636;19.043421;2;25.118;3;27.787;7
1024;2014/12/29 15:25;113.087098;19.022408;3;23.909;9;27.382;5
1025;2014/12/29 15:25;113.013207;19.04408;6;23.325;9;28.213;7
1026;2014/12/29 15:25;113.014407;19.040968;1;24.246;3;28.799;7
1027;2014/12/29 15:25;113.081314;19.024105;5;25.249;3;28.388;6
1028;2014/12/29 15:25;113.063593;19.014171;3;27.613;1;28.177;5
1029;2014/12/29 15:25;113.027399;19.097695;5;27.028;8;29.673;4
1030;2014/12/29 15:25;113.04314;19.069201;2;24.776;3;27.863;2
1031;2014/12/29 15:25;113.018997;19.036825;5;24.907;9;29.726;4
1032;2014/12/29 15:25;113.001697;19.007386;4;23.858;6;27.727;3
1033;2014/12/29 15:25;113.009839;19.035652;2;26.807;10;28.918;1
1034;2014/12/29 15:25;113.054326;19.028537;2;26.17;7;29.377;5
1035;2014/12/29 15:25;113.093933;19.013892;3;26.887;9;28.44;2
1036;2014/12/29 15:25;113.052017;19.032041;3;25.515;6;27.866;3
1037;2014/12/29 15:25;113.074202;19.090862;5;25.369;7;28.502;4
1038;2014/12/29 15:25;113.097421;19.066699;2;26.079;8;27.108;2
1039;2014/12/29 15:25;113.010268;19.027889;4;26.483;3;28.752;1
